"-OR-","-ODER-"
"2-pixel perimeter around the header space.","2-Pixel Grenze um den Kopfbereich."
"3D Secure","3D Secure"
"3D Secure Card Validation","3D Secure Kartenüberprüfung"
"3D Secure validation is required for Maestro cards. Supporting of American Express cards require additional agreement. Learn more at <a href=""http://www.paypal.com/amexupdate"">http://www.paypal.com/amexupdate</a>.","3D Secure Validierung ist erforderlich für Maestro Karten. Unterstützung für American Express Karten setzt eine ergänzende Vereinbarung voraus. Erfahren Sie mehr unter <a href=""http://www.paypal.com/amexupdate"">http://www.paypal.com/amexupdate</a>."
"<a href=""http://www.magentocommerce.com/paypal"">Start accepting payments via PayPal!</a>","<a href=""http://www.magentocommerce.com/paypal"">Beginnen Sie Zahlungen per PayPal zu akzeptieren!</a>"
"A value is required for live mode. Refer to your CardinalCommerce agreement.","Für den Live-Modus ist ein Wert erforderlich. Sehen Sie dazu bitte in Ihrem CardinalCommerce Vertrag nach."
"ACH Deposit (Hold for Dispute or Other Investigation)","ACH Kaution (Reservierter Betrag für Auseinandersetzungen oder andere Prüfungen)"
"ACH Deposit (Reversal)","ACH Kaution (Freigabe)"
"ACH Funding for Funds Recovery from Account Balance","ACH Finanzierung für Sicherungseinlagen über Kontoausgleich"
"ACH Withdrawal","ACH Abbuchung"
"API Authentication Methods","API Authentifizierungs Methoden"
"API Certificate","API Zertifikat"
"API Password","API Passwort"
"API Signature","API Signatur"
"API Username","API Benutzername"
"API Uses Proxy","API verwendet Proxy"
"API/Integration","API/Integration"
"API/Integration Settings","Einstellungen API / Integration"
"Ability for buyer to purchase without PayPal account.","Möglichkeit für Käufer zu bestellen, auch ohne PayPal Konto."
"Accept PayPal payments in your shopping cart. PayPal will process your credit card payments through the Payflow Pro Gateway.","PayPal Zahlungen im Warenkorb akzeptieren. PayPal wird Ihre Kreditkarten-Zahlungen über das Payflow Pro Gateway verarbeiten."
"Accept payments without customers leaving your website. Many popular web-hosting services and shopping carts come with the Payflow payment gateways built in, so they are easy to set up.","Zahlungen akzeptieren ohne das der Besucher Ihre Seite verlässt. Viele bekannte Web-Hosting Dienste und Warenkörbe besitzen bereits eingebaute Payflow Zahlungs-Gateways, da sie leicht zu konfigurieren sind."
"Acceptance Mark","Akzeptanz-Markierung"
"Acceptance Mark Image","Akzeptanz Markierungs-Bild"
"Account-to-Account Payment, initiated by PayPal","Account-zu-Account Zahlung, ausgelöst durch PayPal"
"Add an Express Checkout button to your existing shopping cart for quick and easy credit card payments. PayPal handles all payment processing.","Fügt einen Express Checkout Button zu Ihrem bestehenden Warenkorb für schnelle & einfache Kreditkartenzahlung. PayPal wickelt alle Zahlungsprozesse ab."
"Additional Options","Zusätzliche Optionen"
"Address Verification System Response","Adress Überprüfungsantwort vom System"
"All the address information matched","Ale Adressinformationen stimmen überein"
"Allow in Billing Agreement Wizard","Im Zahlungsvereinbarungsassistenen erlauben"
"Allowable values: ""paypal"", ""primary"" (default), your_custom_value (a custom payment page style from your merchant account profile).","Erlaubte Werte: ""paypal"",""primär"" (Standard), eigener_wert (ein eigener Zahlungsseiten-Stil von Ihrem Händlerkonto-Profil)."
"Allowed Credit Card Types","Erlaubte Kreditkarten-Typen"
"Also affects mini-shopping cart.","Dies betrifft ebenso den Mini-Warenkorb."
"Ask Customer","Kunde fragen"
"Attempted Authentication, Bad Result","Versuchte Autorisierung mit negativen Ergebnis"
"Attempted Authentication, Good Result","Versuchte Autorisierung mit positiven Ergebnis"
"Auction Payment other than through eBay","Auktion über einen anderen Dienstleister"
"Authenticated, Bad Result","Authentifiziert, negatives Ergebnis"
"Authenticated, Good Result","Authentifiziert, positives Ergebnis"
"Authorization","Autorisierung"
"Authorization Honor Period (days)","Reservierungsdauer in Tagen"
"Authorization transaction is required to void.","Autorisierte Transaktion ist erforderlich um Aufhebung zu veranlassen."
"Authorized amount of %s.","Betrag in Höhe von %s authorisiert."
"Authorizing amount of %s is pending approval on gateway.","Authorisierung des Betrags %s ausstehend."
"Auto","Auto"
"AutoSweep","AutoSweep"
"Available Balance","Verfügbarer Kontostand"
"Balance Manager Account Bonus","Kontostand Manager Kontobonus"
"Billing Address","Rechnungsadresse"
"Billing Agreement Signup ","Anmeldung zu Zahlungsvereinbarungen "
"Billing Information","Rechnungsinformation"
"Bonus for first ACH Use","Bonus für vorranginge Verwendung von ACH"
"Buyer Credit Payment","Käufer Kreditkartenzahlung"
"Buyer\'s Tax ID","Steuernummer des Käufers"
"Buyer\'s Tax ID Type","Steuernummerart des Käufers"
"By default it is ""reports.paypal.com"".","Standardmäßig ist es ""reports.paypal.com""."
"CNPJ","CNPJ"
"CPF","CPF"
"CVV2 Check Result by PayPal","CVV2 Ergebnisüberprüfung von PayPal"
"Can not send new order email.","E-Mail für neue Bestellung kann nicht gesendet werden."
"Cannot create target file for reading reports.","Zieldatei zum Lesen der Berichte konnte nicht erstellt werden."
"Centinel API URL","Centinel API URL"
"Centinel Custom API URL","Centinel Custom API URL"
"Change Payment Method","Zahlart ändern"
"Change Shipping Address","Versandadresse ändern"
"Charge-off","Ausbuchung"
"Chargeback","Rückverrechnung"
"Chargeback by customer.","Rückverrechnung durch Kunden."
"Checkout with PayPal","Mit PayPal bezahlen"
"Completion Date","Abschluss Datum"
"Connecting to PayPal SFTP server to fetch new reports. Are you sure you want to proceed?","Verbindung zum PayPal SFTP Server wird hergestellt, um neue Berichte abzuholen. Wirklich fortfahren?"
"Countries Payment Applicable From","Für Zahlungen zugelassene Länder"
"Coupon Redemption","Gutscheineinlösung"
"Credit","Guthaben"
"Credit Card Settings","Kreditkarten Einstellungen"
"Currency Conversion required to cover negative balance","Währungsumrechnung erforderlich, um negativen Kontostand zu decken"
"Custom","Benutzerdefiniert"
"Custom Endpoint Hostname or IP-Address","Benutzerdefinierter Endpunkt-Hostname oderr IP-Adresse"
"Custom Path","Benutzerdefinierter Pfad"
"Customer complaint.","complaint."
"Customer did not include a confirmed address.","Kunde hat keine bestätigte Anschrift angegeben."
"Customer triggered a money-back guarantee.","Kunde hat ""Geld zurück""-Garantie ausgelöst."
"Daily","Täglich"
"Debit","Lastschrift"
"Debit Card Cash Back","Lastschriftkarte Rückbuchung"
"Debit Card Transaction","Lastschriftkarte Transaktion"
"Debit or Credit","Lastschrift- oder Kreditkarte"
"Debug Mode","Debug Modus"
"Direct Payment API","Direkt Bezahlungs-API"
"Discount","Rabatt"
"Displays on catalog pages and homepage.","Anzeige auf der Startseite und Katalog Seiten."
"Don't have a PayPal account? Simply enter your email address.","Noch kein PayPal Konto? Geben Sie einfach eine E-Mail Adresse in das Feld ein."
"Don’t have a PayPal merchant account? You can still accept credit card payments through the Payflow Pro Gateway.","Sie haben kein PayPal Händlerkonto? Sie können Kreditkarten Zahlungen dennoch über das Payflow Pro Gateway anbieten."
"Dynamic","Dynamisch"
"EFT Funding (German banking)","Elektronischer Zahlungsvorgang (Deutschland)"
"Edit Shopping Cart","Warenkorb bearbeiten"
"Email Associated with PayPal Merchant Account","E-Mail Adresse Ihres PayPal Händlerkontos"
"Enable Automatic Fetching","Automatische Abholung aktivieren"
"Enable PayPal Guest Checkout","PayPal Gast Checkout aktivieren"
"Enabled","Aktiviert"
"Event","Vorgang"
"Event Code","Vorgangscode"
"Every 10 days","Alle 10 Tage"
"Every 14 days","Alle 14 Tage"
"Every 3 days","Alle 3 Tage"
"Every 30 days","Alle 30 Tage"
"Every 40 days","Alle 40 Tage"
"Every 7 days","Alle 7 Tage"
"Exact Match. Address and Postal Code. International","Exakte Zuordnung. Adresse und Postleitzahl. International"
"Exact Match. Address and Postal Code. UK-specific","Exakte Zuordnung. Adresse und Postleitzahl. UK-spezifisch"
"Exact Match. Address and nine-digit ZIP code","Exakte Zuordnung. Adresse und 9 stellige Postleitzahl"
"Express Checkout","Express Checkout"
"Express Checkout (Payflow Edition) Settings","Express Checkout (Payflow Edition) Einstellungen"
"Express Checkout APIs","Express Checkout APIs"
"Express Checkout Settings","Express Checkout Einstellungen"
"Express Checkout and Order have been canceled.","Express Checkout und Bestellung wurden storniert."
"Express Checkout has been canceled.","Express Checkout wurde storniert."
"Failed to fetch reports from '%s@%s'.","Fehler beim Abholen der Reporte von '%s@%s'."
"Fee Amount","Gebühren"
"Fee Debit or Credit","Debit- oder Kreditkartengebühr"
"Fee Reversal","Stornogebühr"
"Fee: Foreign ACH Withdrawal","Gebühr: Ausländische ACH Abbuchung"
"Fee: Mass Pay Request","Gebühr: Massenzahlungsanforderung"
"Fee: Web Site Payments Pro Account Monthly","Gebühr: Web Site Payments Pro Account Monatlich"
"Fee: WorldLink Check Withdrawal","Gebühr: WorldLink Scheckabbuchung"
"Fetch","Abholen"
"Fetch Updates","Aktualisierungen holen"
"Fetched %s report rows from '%s@%s'.","%s Zeilen des Reports von '%s@%s' abgeholt."
"Frontend Experience Settings","Individuelle Gestaltung"
"Funding","Finanzierung"
"General (Authorization)","Allgemein (Autorisation)"
"General (Dividend)","Allgemein (Dividende)"
"General (Funds Transfer from PayPal Account to Another)","Allgemein (Guthabenübertragung zwischen zwei PayPal-Konten)"
"General (Purchase with a credit card)","Allgemein (Kauf per Kreditkarte)"
"General Adjustment without businessrelated event","Allgemeine Anpassung ohne Geschäftsvorfall"
"General Currency Conversion","Allgemeine Währungsumrechnung"
"General Funding of PayPal Account ","Allgemeine Finanzierung des PayPalkontos "
"General Redemption","Allgemeine Rückzahlung"
"General Withdrawal from PayPal Account","Allgemeine Abbuchung vom PayPalkonto"
"General. Product no longer supported","Allgemein: Service wird nicht länger angeboten"
"General: Use of PayPal account for purchasing as well as receiving payments","Allgemein: Verwendung des PayPalkontos für Einkäufe und erhaltene Zahlungen"
"General: Withdrawal from PayPal Account","Allgemein: Abbuchung vom PayPalkonto"
"General: Withdrawal to Non-Bank Entity","Allgemein: Abbuchung auf bankfremdes Unternehmen"
"General: adjustment of a type not belonging to the other T12xx categories","Allgemein: Anpassung auf einen Typen, der nicht zu den restlichen T12xx Kategorien gehört"
"General: bonus of a type not belonging to the other T08xx categories","Allgemein: Anpassung auf einen Typen, der nicht zu den restlichen T08xx Kategorien gehört"
"General: event not yet categorized","Allgemein: Vorgang noch nicht kategorisiert"
"General: non-payment fee of a type not belonging to the other T01xx categories","Allgemein: Gebühr für Nichtzahlung eines Typs, der nicht zu den restlichen T01xx Kategorien gehört"
"General: received payment of a type not belonging to the other T00xx categories","Allgemein: Zahlung eines Typs erhalten, der nicht zu den restlichen T01xx Kategorien gehört"
"General: reversal of a type not belonging to the other T11xx categories","Allgemein: Storno eines Typs, der nicht zu den restlichen T11xx Kategorien gehört"
"General: temporary hold of a type not belonging to the other T15xx categories","Allgemein: Vorübergehende Zurückstellung eines Typs, der nicht zu den restlichen T15xx Kategorien gehört"
"Get Credentials from PayPal","Zugangsdaten von PayPal erhalten"
"Gift Certificate Payment: purchase of Gift Certificate","Zahlung mit Geschenkgutschein: Kauf eines Gutscheins"
"Gift Certificate Redemption","Gutschein einlösen"
"Gross Amount","Brutto Betrag"
"Header Background Color","Hintergrundfarbe für den Kopfbereich"
"Header Border Color","Randfarbe für den Kopfbereich"
"Header Image URL","Bild URL für den Kopfbereich"
"Help","Hilfe"
"Hidden Virtual PayPal Debit Card Transaction","Versteckte virtuelle Lastschriftkarten-Transaktion"
"Hold for Dispute Investigation","Zurückstellung wegen Betrugsuntersuchung"
"IPN ""%s"".","IPN ""%s""."
"If empty, a default value will be used. Custom URL may be provided by CardinalCommerce agreement.","Wenn dieses Feld leer bleibt, wird ein Standardwert verwendet. Eine individuelle URL kann in Ihrem CardinalCommerce Vertrag enthalten sein."
"If not specified, Default Country from General Config will be used","Wenn nicht festgelegt, wird das Standardland der Konfiguration verwendet"
"If this option is enabled, customer can change shipping address and shipping method on PayPal website. In live mode works via HTTPS protocol only.","Wenn diese Option aktiviert ist, können Kunden die Versandart und -anschrift auf der PayPal-Website angeben. In Produktivumgebungen steht diese Option nur über das HTTPS-Protokoll zur Verfügung."
"Impossible to issue a refund transaction because the capture transaction does not exist.","Es kann keine Erstattung durchgeführt werden, da keine ""Erfassen""-Transaktion für diesen Betrag existiert."
"Incentive","Bonus"
"Initiation Date","Start Datum"
"Integral Evolution","Integral Evolution"
"Integral Evolution Settings","Integral Evolution Einstellungen"
"Invoice ID","Rechnungs-ID"
"Issuer Liability","Ausstellerhaftung"
"It is recommended to set this value to ""Debit or Credit Card"" per store views.","Es wird empfohlen, diesen Wert auf ""Lastschrift""- oder ""Kreditkarte"" zu setzen."
"It is recommended to set this value to ""PayPal"" per store views.","Es wird empfohlen, für jeden StoreView den Wert ""PayPal"" anzugegeben."
"Items in Your Shopping Cart","Artikel in Ihrem Warenkorb"
"Last Correlation ID","Letzte Zuordnungs-ID"
"Last Transaction ID","Letzte Transaktionsnummer"
"Learn More","Mehr erfahren"
"Login","Anmelden"
"Looking for PayPal? We have our own tab to the left under Sales.","Sie suchen nach PayPal? Wir haben unser eigenes Tab auf der linken Seite im Bereich Verkäufe."
"Mass Pay Payment","Massenzahlung per ""Mass Pay"""
"Matched (CVV2)","(CVV2) angeglichen"
"Matched (CVV2CSC)","(CVV2CSC) angeglichen"
"Matched Address only (no ZIP)","Nur Adresse angeglichen (keine Postleitzahl)"
"Matched Address only (no ZIP). International","Nur Adresse angeglichen (keine Postleitzahl). International"
"Matched Postal Code only (no Address)","Nur Postleitzahl angeglichen (keine Adresse)"
"Matched five-digit ZIP only (no Address)","Nur 5 stellige Postleizahl angeglichen (keine Adressen)"
"Matched whole nine-didgit ZIP (no Address)","Ganze 9 stellige Postleitzahl angeglichen (keine Adresse)"
"Merchant Account","Händler-Konto"
"Merchant Country","Händler-Land"
"Merchant Liability","Händler Belastung"
"Merchant Protection Eligibility","Händler Schutz-Berechtigung"
"Merchant Referral Bonus","Händler Empfehlungsbonus"
"Merchant holds a non-U.S. account and does not have a withdrawal mechanism.","Der Händler verwendet einen Bankkonto außerhalb der Vereinigten Staaten und hat keine Überweisungsinformationen hinterlegt."
"Merchant reference ID format is not supported.","Referenz-ID-Format des Händlers wird nicht unterstützt."
"Merchants need to apply to PayPal for enabling billing agreements feature. Do not enable this option until PayPal confirms that billing agreements are enabled for your merchant account.","Händler müssen Sie für die Verwendung der ""Zahlungsvereinbarung"" bei PayPal anmelden. Bitte aktivieren Sie diese Option erst, wenn PayPal die Zahlungsvereinbarungen für Ihr Händlerkonto freigeschaltet hat."
"Mobile Payment (made via a mobile phone)","Mobiler Zahlungsvorgang (via Handy)"
"N/A","Nicht verfügbar"
"N/A. Address not checked, or acquirer had no response. Service not available","Nicht verfügbar - Adresse nicht überprüft, oder der Absender gibt keine Antwort. Service nicht verfügbar"
"N/A. Global Unavailable","Nicht verfügbar"
"N/A. International Unavailable","International - nicht verfügbar"
"N/A. Merchant has indicated that CVV2 is not present on card","Nicht verfügbar - Händler hat angegeben, dass die CVV2 auf der Karte nicht vorhanden ist"
"N/A. No response","Nicht verfügbar - keine Antwort"
"N/A. Not allowed for MOTO (Internet/Phone) transactions","Nicht verfügbar - für MOTO (Internet/Telefon) Transaktionen"
"N/A. Not processed","Nicht verfügbar - nicht verarbeitet"
"N/A. Retry","Nicht verfügbar - wiederholen"
"N/A. Service not Supported","Nicht verfügbar - Service nicht unterstützt"
"N/A. Service not available","Nicht verfügbar - Service nicht erreichbar"
"N/A. Service not supported","Nicht verfügbar - Service nicht unterstützt"
"N/A. The merchant did not provide AVS information","Nicht verfügbar - der Händler unterstützt keine AVS Information"
"N/A. The merchant has not implemented CVV2 code handling","Nicht verfügbar - der Händler hat CVV2 Code verarbeitung nicht implementiert"
"N/A. Unavailable","Nicht verfügber / Nicht erreichbar"
"Negative Balance","Negativer Kontostand"
"Never","Nie"
"No","Nein"
"No Details matched","Keine Details übereinstimmend"
"No Details matched. International","Keine Details übereinstimmend. International"
"No Liability Shift","Keine Haftungsumkehr"
"No Logo","Kein Logo"
"No match","Keine Anpassung"
"None of the address information matched","Keine der Adressinformationen stimmte überein"
"Note: %s","Bemerkung: %s"
"Nothing to fetch because of an empty configuration.","Es konnten keine Daten abgeholten werden, da keine Konfiguration vorliegt."
"Notice that PayPal can handle up to 10 shipping options. That is why Magento will transfer only first 10 cheapest shipping options if there are more than 10 available.","Bitte beachten Sie, dass PayPal lediglich 10 Versandoptionen unterstützt. Daher wird Magento nur die 10 günstigsten Versandoptionen übermitteln."
"Notified customer about creditmemo #%s.","Kunde über Gutschrift informiert #%s."
"Notified customer about invoice #%s.","Kunde über Rechnung #%s informiert."
"Now accepting PayPal (150 X 40)","Wir akzeptieren PayPal (150 X 40)"
"Now accepting PayPal (150 X 60)","Wir akzeptieren PayPal (150 X 60)"
"Number of Child Authorizations","Anzahl der nachfolgenden Autorisationen"
"Open Authorization","Offene Authorisierung"
"Order","Bestellung"
"Order ID","Bestell ID"
"Order Valid Period (days)","Geltungsdauer der Bestellung (Tage)"
"Ordered amount of %s.","Bestellmenge von %s."
"Ordering amount of %s is pending approval on gateway.","Bestellsumme in Höhe von %s ausstehend - warte auf Genehmigung vom Gateway."
"Page Background Color","Hintergrundfarbe der Seite"
"Page Style","Seiten Gestaltung"
"Part of the address information matched","Die Adressinformationen stimmen teilweise überein."
"Partner","Partner"
"Pasarela integral","Pasarela Integral"
"Pasarela integral Settings","Pasarela Integral Einstellungen"
"Password","Passwort"
"Pay Now","Jetzt bezahlen"
"PayPal","PayPal"
"PayPal Balance Manager function of PayPal account","PayPal Kontostandsmanager des PayPal Kontos"
"PayPal Buyer Warranty Bonus","PayPal Käufer Garantiebonus"
"PayPal Debit Card Cash Advance","PayPal Vorkasse per Lastschriftkarte"
"PayPal Debit Card Withdrawal from ATM","PayPal Überweisung vom Bankautomaten per Lastschriftkarte"
"PayPal Express Checkout Shortcut Wrapper","PayPal Express Checkout Shortcut Wrapper"
"PayPal Express Checkout Token does not exist.","PayPal Express Checkout Merkmal existiert nicht."
"PayPal Express Order Review Form","PayPal Express Bestell Übersichts-Formular"
"PayPal Fee Information","PayPal Gebühren Information"
"PayPal Merchant Pages Style","PayPal Händler Seiten Stil"
"PayPal Pro","PayPal E-Mail"
"PayPal Pro Settings","Payflow Pro Einstellungen"
"PayPal Product Logo","PayPal Artikel Logo"
"PayPal Protection Bonus","PayPal Schutz Bonus"
"PayPal Reference ID","PayPal Referenz-ID"
"PayPal Reference ID Type","PayPal Referenz-ID Art"
"PayPal Settlement Reports","PayPal Abrechnungen"
"PayPal certificate does not exist.","PayPal Zertifikat existiert nicht."
"PayPal certificate file is empty.","PayPal Zertifikatsdatei ist leer."
"PayPal does not support processing orders with zero amount. To complete your purchase, proceed to the standard checkout process.","PayPal unterstützt die Bestellabwicklung nur für Beträge größer Null. Um Ihren Bestellvorgang abzuschließen, fahren Sie bitte mit dem Standard-Checkout fort."
"PayPal gateway has rejected request. %s","Das PayPal Gateway hat die Anfrage abgewiesen. %s"
"PayPal processes all of your orders, and you get paid.","PayPal wickelt alle Ihre Bestellungen ab und Sie werden bezahlt."
"PayPal response hasn't required fields.","Die PayPal Antwort enthält nicht die benötigten Felder."
"PayPal retains reports for 45 days.","PayPal speichert die Aufzeichnungen für Reporte 45 Tage."
"PayPal/Centinel Electronic Commerce Indicator","PayPal/Centinel Electronic Commerce Indikator"
"PayPal/Centinel Visa Payer Authentication Service Result","PayPal/Centinel Visa Zahler Authentifizierungs-Dienst Ergebnis"
"Payer Address ID","Bezahler Adress ID"
"Payer Address Status","Bezahler Adress Status"
"Payer Email","Bezahler E-Mail"
"Payer Email: %s","Bezahler E-Mail: %s"
"Payer ID","Bezahler ID"
"Payer Status","Bezahler Status"
"Payer is not identified.","Bezahler ist nicht identifiziert."
"Payflow Link (for USA and Canada)","Payflow Link (für USA and Canada)"
"Payflow Link Settings","Payflow Link Einstellungen"
"Payflow Pro Gateway","Payflow Pro Gateway"
"Payflow Pro Settings","Payflow Pro Einstellungen"
"Payment Action","Zahlungsvorgang"
"Payment Applicable From","Zahlung möglich von"
"Payment Method","Zahlart"
"Payment Refund initiated by merchant","Erstattung durch Händler veranlasst"
"Payment has been declined. Please try again.","Die Zahlung wurde abgelehnt. Bitte versuchen Sie es nochmal."
"Payments by PayPal (150 X 40)","Zahlungen per PayPal (150 X 40)"
"Payments by PayPal (150 X 60)","Zahlungen per PayPal (150 X 60)"
"Payments by cards + seller protection - <strong style=""color:red"">Contact PayPal before activating</strong>","Kartenzahlung + Verkäuferschutz - <strong style=""color:red"">Kontaktieren Sie PayPal vor der Aktivierung</strong>"
"Paypal Billing Agreement Settings","Einstellungen für Paypal Bestellbedingungen"
"Pending PayPal","PayPal ausstehend"
"Place Order","Bestellung abschließen"
"Please agree to all the terms and conditions before placing the order.","Bitte lesen und akzeptieren Sie alle AGB, bevor Sie Ihre Bestellung aufgeben."
"Please do not refresh the page until you complete payment.","Bitte nicht die Seite neu laden bevor die Zahlung abgeschlossen wurde."
"Please select a shipping method...","Bitte wählen Sie eine Versandart..."
"Points Incentive Redemption","Bonuspunkte einlösen"
"Postage Payment to either USPS or UPS","Zahlung der Versandkosten entweder an USPS oder UPS"
"Preapproved Payment (BillUser API), either sent or received","Vorabgenehmigte Zahlung (BillUser API), entweder gesendet oder erhalten"
"Preapproved Payment ID","Vorabgenehmigte Zahlungs-ID"
"Price","Preis"
"Process credit cards directly on your website with PayPal’s all-in-one online payment processing solution.","Wickeln Sie Kreditkartenzahlung direkt auf Ihrer Website mit PayPal's all-in-one Zahlungsverarbeitungs-Lösung."
"Product Name","Artikelname"
"Proxy Host","Proxy Host"
"Proxy Port","Proxy Port"
"Qty","Menge"
"Quick set-up service lets your customers securely complete transactions.","Mit dem Schnelleinrichtungsservice können Ihre Kunden Transaktionen sicher durchführen."
"Reauthorization","Erneute Authorisation"
"Reference Information","Referenzinformation"
"Refund issued by merchant.","Ersattung von Händler durchgeführt."
"Reimbursement for a chargeback.","Ausgleich-Rückerstattung"
"Reimbursement of Chargeback","Ausgleich-Rückerstattung"
"Report Date","Bericht Datum"
"Reports","Reporte"
"Require CVV Entry","CVV Eintrag erforderlich"
"Reversal","Storno"
"Reversal of General Account Hold","Rückerstattung des Sicherungsbetrags des Hauptkontos"
"Reversal of Points Usage","Zurücksetzen der Punkteverwendung"
"Reversal of an adjustment.","Rückerstattung einer Anpassung."
"Reversal of hold for Dispute Investigation","Rückerstattung des Sicherungsbetrags für Betrugsuntersuchung"
"Review Order","Bestellübersicht"
"Reward Voucher Redemption","Bonus für Gutscheineinlösung"
"SFTP Credentials","SFTP Zugangsdaten"
"Sale","Verkauf"
"Sales","Verkäufe"
"Sandbox Credentials","Sandbox Zugangsdaten"
"Sandbox Mode","Sandbox Modus"
"Schedule","Geplanter Vorgang"
"Schedule description is too long.","Beschreibung für geplanten Vorgang ist zu lang."
"Scheduled Fetching","zeitgesteuertes Abrufen"
"Select a PayPal Solution","Wählen Sie eine PayPal Lösung"
"Settlement Consolidation","Abwicklungs-Konsolidierung"
"Settlement Report Settings","Abwicklungsbericht Einstellungen"
"Settlement of a chargeback.","Rückerstattung"
"Severe 3D Secure Card Validation","3D Sichere Karten-Überprüfung (Streng)"
"Severe Validation Removes Chargeback Liability on Merchant","Strenge Prüfung befreit den Händler von seiner Haftung"
"Severe validation removes chargeback liability on merchant.","Strenge Prüfung befreit den Händler von seiner Haftung."
"Shipping","Versand"
"Shipping Address","Versandadresse"
"Shipping Information","Versandinformation"
"Shipping Method","Versandart"
"Shop now using (150 X 40)","Shop verwendet jetzt (150 X 40)"
"Shop now using (150 X 60)","Shop verwendet jetzt (150 X 60)"
"Shortcut","Expressbutton"
"Shortcut Buttons Flavor","Expressbutton Gestaltung"
"Shortcut on Product View","Expressbutton auf Artikeldetailseite"
"Shortcut on Shopping Cart","Expressbutton im Warenkorb"
"Sign a billing agreement to streamline further purchases with PayPal.","Unterzeichnen Sie eine Zahlungsvereinbarung, um künftige Zahlungen mit PayPal zu vereinfachen."
"Solo","Solo"
"Sorry, no quotes are available for this order at this time.","Entschuldigung, momentan gibt es keine Angebote für diese Bestellung."
"Sort Order","Reihenfolge"
"Specifies what the Authorization Honor Period is on the merchant’s PayPal account. It must mirror the setting in PayPal.","Diese Wert gibt die Dauer an, die eine Authorisation im PayPal-Konto des Händlers gültig ist. Diese Einstellung muss mit den Einstellungen bei PayPal übereinstimmen."
"Specifies what the Order Valid Period is on the merchant’s PayPal account. It must mirror the setting in PayPal.","Diese Wert gibt die Dauer an, die eine Bestellung im PayPal-Konto des Händlers gültig ist. Diese Einstellung muss mit den Einstellungen bei PayPal übereinstimmen."
"Static","Statisch"
"Submitting order information...","Bestellung wird übermittelt..."
"Subscriber name is too long.","Abonnentenname ist zu lang."
"Subscription ID","Abonnent-ID"
"Subscription Payment, either payment sent or payment received","Abonnentenzahlung, entweder gesendet oder erhalten"
"Subtotal","Zwischensumme"
"Summary Text for Aggregated Cart","Zusammenfassung des gesamten Warenkorbs"
"Supporting of American Express cards require additional agreement. Learn more at <a href=""http://www.paypal.com/amexupdate"">http://www.paypal.com/amexupdate</a>.","Die Unterstützung von American Express Karten erfordert einen Ergänzungsvertrag. Erfahren Sie mehr bei <a href=""http://www.paypal.com/amexupdate"">http://www.paypal.com/amexupdate</a>."
"Switch/Maestro","Switch/Maestro"
"Test Mode","Test Modus"
"The background color for the checkout page around the header and payment form.","Die Hintergrundfarbe für die Checkout Seite rund um den Kopfbreich und dem Zahlungsformular."
"The background color for the header of the checkout page. Case-insensitive six-character HTML hexadecimal color code in ASCII.","Die Hintergrundfarbe des Kopfbereichs der Bezahlseite. 6-stelliger Hex-Farbcode in ASCII Zeichen."
"The default number of child authorizations in your PayPal account is 1. To do multiple authorizations please contact PayPal to request an increase.","Der Standardwert für nachfolgende Authorisationen in Ihrem PayPal-Konto ist 1. Um weitere Authorisationen durchführen zu können, nehmen Sie bitte Kontakt zu PayPal auf und bitten Sie um Erhöhung dieses Wertes."
"The image at the top left of the checkout page. Max size is 750x90-pixel. <strong style=""color:red"">https</strong> is highly encouraged.","Das Bild oben links auf der Bezahlseite. Max. 750px x 90px. <strong style=""color:red"">https</strong> wird dringend empfohlen."
"The maximum number of child authorizations is reached.","Die maximale Anzahl an nachfolgenden Authorisationen ist erreicht."
"The merchant account is not yet verified.","Das Händlerkonto ist noch nicht verifiziert."
"The payment curency does not match any of the merchant\'s balances currency.","Die Währung der Zahlung stimmt mit keiner der Währungen des Händlerkontos überein."
"The payment eCheck is not yet cleared.","Die Zahlung per eCheck ist noch nicht abgeschlossen."
"The payment is authorized but not settled.","Die Zahlung ist authorisiert aber noch nicht abgeschlossen."
"The payment is pending because it was made to an email address that is not yet registered or confirmed.","Die Zahlung steht noch aus, da sie an eine eMailadresse geleistet wurde, die nicht registriert oder bestätigt ist."
"The payment is pending while it is being reviewed by PayPal for risk.","Die Zahlung ist auf Grund einer Risikoprüfung durch PayPal noch nicht abgeschlossen."
"The payment was made via credit card. In order to receive funds merchant must upgrade account to Business or Premier status.","Da es sich um eine Kreditkartenzahlung handelt, muss das Händlerkonto für den Empfang von Rückerstattungen den ""Business"" oder ""Premier"" nutzen."
"There was an error processing your order. Please contact us or try again later.","Bei der Verarbeitung Ihrer Bestellung ist ein Fehler aufgetreten. Kontaktieren Sie uns oder probieren Sie es bitte später erneut."
"Time of Day","Tageszeit"
"Title","Titel"
"Transaction ID","Transaktionsnummer"
"Transaction Information","Transaktions-Information"
"Transfer Cart Line Items","Artikel des Warenkorbs übertragen"
"Transfer Shipping Options","Versandoptionen übertragen"
"Triggered Fraud Filters","Betrugsverdacht-Filter ausgelöst"
"Unable to cancel Express Checkout.","Express Checkout konnte nicht abgebrochen werden."
"Unable to change status. Current status is not correspond to real status.","Status kann nicht geändert werden. Der aktuelle Status entspricht nicht dem tatsächlichen Status."
"Unable to communicate with the PayPal gateway.","Verbindung zum PayPal Gateway konnte nicht hergestellt werden."
"Unable to initialize Express Checkout review.","Express Checkout-Prüfung konnte nicht gestartet werden."
"Unable to initialize Express Checkout.","Express Checkout konnte nicht gestartet werden."
"Unable to place the order.","Bestellung konnte nicht aufgegeben werden."
"Unable to process Express Checkout approval.","Express Checkout Genehmigung konnte nicht verarbeitet werden."
"Unable to start Express Checkout.","Express-Checkout konnte nicht gestartet werden."
"Unable to update shipping method.","Versandart konnte nicht aktualisiert werden."
"Unknown reason. Please contact PayPal customer service.","Grund nicht bekannt. Bitte kontaktieren Sie den PayPal Kundenservice."
"Update Shipping Method","Versandmethode aktualisieren"
"Use Proxy","Proxy verwenden"
"Use colon to specify port. For example: ""test.example.com:5224"".","Verwenden Sie den Doppelpunkt, um einen Port festzulegen. Zum Beispiel: ""test.example.com:5224""."
"User","Benutzer"
"User-initiated Currency Conversion","Vom Benutzer gestartete Währungsumrechnung"
"Uses store frontend name by default.","Verwendet standardmäßig den Shopnamen."
"Vendor","Kreditor / Lieferant"
"View","Ansicht"
"View Demo","Demo zeigen"
"View PayPal solutions.","PayPal-Lösungen anzeigen."
"View Transaction","Transkation anzeigen"
"View Transaction Details","Transaktionsdetails anzeigen"
"Virtual PayPal Debit Card Transaction","Virtuelle PayPal Lastschriftkarten-Transaktion"
"Virtual Terminal Payment","Virtuelle Terminalzahlung"
"Void","Leer"
"We prefer PayPal (150 X 40)","Wir empfehlen PayPal (150 X 40)"
"We prefer PayPal (150 X 60)","Wir empfehlen PayPal (150 X 60)"
"Website Payments Plus","Website Payments Plus"
"Website Payments Plus Settings","Website Payments Pro Einstellungen"
"Website Payments Pro","Website Payments Pro"
"Website Payments Pro (Payflow Edition) Settings","Website Payments Pro (Payflow Edition) Einstellungen"
"Website Payments Pro Hosted Solution","Website Payments Pro Hosted Solution"
"Website Payments Pro Hosted Solution Settings","Website Payments Pro Hosted Solution Einstellungen"
"Website Payments Pro Payflow Edition (includes Express Checkout)","Website Payments Pro Payflow Edition (enthällt Express Checkout)"
"Website Payments Pro Settings","Website Payments Pro Einstellungen"
"Website Payments Standard","Website Payments Standard"
"Website Payments Standard Payment","Website Payments Standard Zahlung"
"Website Payments Standard Settings","Website Payments Standard Einstellungen"
"What is PayPal?","Was ist PayPal?"
"Whether to create a billing agreement, if there are no active billing agreements available.","Soll eine Zahlungsvereinbarung getroffen werden, wenn keine aktiven vorliegen?"
"Will appear as a payment option only for customers who have at least one active billing agreement.","Dies wird nur dann als Zahlungsoption angezeigt, wenn der Kunde mindestens eine aktive Zahlungsvereinbarung besitzt."
"WorldLink Withdrawal","WorldLink Überweisung"
"Would you like to sign a billing agreement to streamline further purchases with PayPal?","Möchten Sie eine Zahlungsvereinbarung mit PayPal abschließen, um künftige Zahlungen zu vereinfachen?"
"Wrong PayPal Express Checkout Token specified.","Falsches PayPal Express Checkout Token angegeben."
"Yes","Ja"
"Yes. Matched Address and five-didgit ZIP","Ja. Übereinstimmende Adresse und fünfstellige Postleitzahl"
"You will be redirected to the PayPal website in a few seconds.","Sie werden in wenigen Sekunden zu PayPal weitergeleitet."
"You will be redirected to the PayPal website when you place an order.","Sie werden zur PayPal Webseite weitergeleitet wenn Sie die Bestellung abschließen."
"You will be redirected to the PayPal website.","Sie werden zur PayPal Webseite umgeleitet."
"You will be required to enter your payment details after you place an order.","Sie müssen Ihre Zahlungsdaten angeben, nachdem Sie die Bestellung aufgegeben haben."
"eBay Auction Payment","eBay Auktionszahlung"
